event_id,timestamp,pid,ppid,attack_id,label
1,26/05/2025 11:31:32,1348,828,A1,benign
2,26/05/2025 11:31:32,10948,7220,A1,benign
3,26/05/2025 11:31:32,7220,1452,A1,benign
4,26/05/2025 11:31:32,9888,1452,A1,benign
5,26/05/2025 11:31:26,10512,1452,A1,benign
6,26/05/2025 11:31:15,8684,1452,A1,benign
7,26/05/2025 11:30:29,4872,980,A1,benign
8,26/05/2025 11:30:29,8332,3372,A1,benign
9,26/05/2025 11:29:58,11080,9204,A1,benign
10,26/05/2025 11:29:53,3456,7012,A1,benign
11,26/05/2025 11:29:52,7252,980,A1,benign
12,26/05/2025 11:29:52,6556,9204,A1,benign
13,26/05/2025 11:29:36,11164,1320,A1,benign
14,26/05/2025 11:29:36,1320,1452,A1,benign
15,26/05/2025 11:29:30,1132,1452,A1,benign
16,26/05/2025 11:29:25,6468,1452,A1,benign
17,26/05/2025 11:29:12,6776,9204,A1,benign
18,26/05/2025 11:29:09,4832,9204,A1,benign
19,26/05/2025 11:29:09,7820,9204,A1,benign
20,26/05/2025 11:29:09,4992,9372,A1,benign
21,26/05/2025 11:29:08,4208,9204,A1,benign
22,26/05/2025 11:29:08,6532,9204,A1,benign
23,26/05/2025 11:29:07,3728,4936,A1,benign
24,26/05/2025 11:29:06,3136,980,A1,benign
25,26/05/2025 11:29:06,2972,980,A1,benign
26,26/05/2025 11:29:06,2616,1452,A1,benign
27,26/05/2025 11:29:03,2436,980,A1,benign
28,26/05/2025 11:29:00,1720,980,A1,benign
29,26/05/2025 11:28:58,4564,9204,A1,benign
30,26/05/2025 11:28:53,11180,968,A1,benign
31,26/05/2025 11:28:53,968,1452,A1,benign
32,26/05/2025 11:28:50,3352,10596,A1,benign
33,26/05/2025 11:28:50,10996,10596,A1,benign
34,26/05/2025 11:28:50,11036,10596,A1,benign
35,26/05/2025 11:28:50,9484,10596,A1,benign
36,26/05/2025 11:28:50,3452,980,A1,benign
37,26/05/2025 11:28:50,1496,10596,A1,benign
38,26/05/2025 11:28:49,10596,6056,A1,benign
39,26/05/2025 11:28:33,11260,828,A1,benign
40,26/05/2025 11:28:33,9392,828,A1,benign
41,26/05/2025 11:28:33,8916,828,A1,benign
42,26/05/2025 11:28:31,6728,828,A1,benign
43,26/05/2025 11:28:31,8592,980,A1,benign
44,26/05/2025 11:28:31,7720,11020,A1,benign
45,26/05/2025 11:28:31,5948,828,A1,benign
46,26/05/2025 11:28:30,8104,828,A1,benign
47,26/05/2025 11:28:30,7404,828,A1,benign
48,26/05/2025 11:28:30,10956,10884,A1,benign
49,26/05/2025 11:28:30,10884,828,A1,benign
50,26/05/2025 11:28:29,11020,4044,A1,benign
51,26/05/2025 11:28:29,10568,828,A1,benign
52,26/05/2025 11:28:29,10408,828,A1,benign
53,26/05/2025 11:28:29,4044,828,A1,benign
54,26/05/2025 11:28:28,5056,980,A1,benign
55,26/05/2025 11:28:27,2432,980,A1,benign
56,26/05/2025 11:28:27,4432,980,A1,benign
57,26/05/2025 11:28:27,3676,980,A1,benign
58,26/05/2025 11:28:27,3440,980,A1,benign
59,26/05/2025 11:28:26,10736,980,A1,benign
60,26/05/2025 11:28:26,3116,980,A1,benign
61,26/05/2025 11:28:25,4728,980,A1,benign
62,26/05/2025 11:28:24,10596,2012,A1,benign
63,26/05/2025 11:28:24,2012,1452,A1,benign
64,26/05/2025 11:28:24,1348,980,A1,benign
65,26/05/2025 11:28:24,620,980,A1,benign
66,26/05/2025 11:28:24,7628,980,A1,benign
67,26/05/2025 11:28:24,7488,980,A1,benign
68,26/05/2025 11:28:24,7988,980,A1,benign
69,26/05/2025 11:28:24,5240,980,A1,benign
70,26/05/2025 11:28:24,6212,980,A1,benign
71,26/05/2025 11:28:16,10484,9204,A1,benign
72,26/05/2025 11:27:59,9504,828,A1,benign
73,26/05/2025 11:27:59,10112,828,A1,benign
74,26/05/2025 11:27:59,11244,9204,A1,benign
75,26/05/2025 11:27:58,11212,9204,A1,benign
76,26/05/2025 11:27:54,11144,980,A1,benign
77,26/05/2025 11:27:46,11000,10876,A1,benign
78,26/05/2025 11:27:45,10972,7844,A1,benign
79,26/05/2025 11:27:44,10876,828,A1,benign
80,26/05/2025 11:27:38,10820,1452,A1,benign
81,26/05/2025 11:27:28,10684,9204,A1,benign
82,26/05/2025 11:27:28,10668,9204,A1,benign
83,26/05/2025 11:27:28,10660,9204,A1,benign
84,26/05/2025 11:27:27,10616,980,A1,benign
85,26/05/2025 11:27:26,10588,1452,A1,benign
86,26/05/2025 11:27:12,10448,980,A1,benign
87,26/05/2025 11:27:11,10376,1452,A1,benign
88,26/05/2025 11:27:10,10344,752,A1,benign
89,26/05/2025 11:27:09,8968,9372,A1,benign
90,26/05/2025 11:27:09,9344,9372,A1,benign
91,26/05/2025 11:27:09,1120,9372,A1,benign
92,26/05/2025 11:27:09,1328,9372,A1,benign
93,26/05/2025 11:27:08,5740,9372,A1,benign
94,26/05/2025 11:27:08,9372,9628,A1,benign
95,26/05/2025 11:27:08,4620,980,A1,benign
96,26/05/2025 11:27:07,9628,2704,A1,benign
97,26/05/2025 11:27:03,10200,980,A1,benign
98,26/05/2025 11:27:02,10084,980,A1,benign
99,26/05/2025 11:27:02,9944,828,A1,benign
100,26/05/2025 11:27:02,9892,1452,A1,benign
101,26/05/2025 11:27:01,9856,9204,A1,benign
102,26/05/2025 11:27:00,9704,9204,A1,benign
103,26/05/2025 11:27:00,9696,9204,A1,benign
104,26/05/2025 11:27:00,9684,9204,A1,benign
105,26/05/2025 11:27:00,9608,4936,A1,benign
106,26/05/2025 11:27:00,9600,9204,A1,benign
107,26/05/2025 11:26:59,9476,9204,A1,benign
108,26/05/2025 11:26:59,9448,9204,A1,benign
109,26/05/2025 11:26:59,9356,980,A1,benign
110,26/05/2025 11:26:58,8792,9204,A1,benign
111,26/05/2025 11:26:58,8836,828,A1,benign
112,26/05/2025 11:26:58,8840,9204,A1,benign
113,26/05/2025 11:26:58,8824,9204,A1,benign
114,26/05/2025 11:26:58,8512,9204,A1,benign
115,26/05/2025 11:26:57,9204,4936,A1,benign
116,26/05/2025 11:26:57,9136,828,A1,benign
117,26/05/2025 11:26:57,9116,4936,A1,benign
118,26/05/2025 11:26:56,9072,828,A1,benign
119,26/05/2025 11:26:56,8900,980,A1,benign
120,26/05/2025 11:26:55,8856,980,A1,benign
121,26/05/2025 11:26:55,8796,980,A1,benign
122,26/05/2025 11:26:55,8676,828,A1,benign
123,26/05/2025 11:26:55,8656,1740,A1,benign
124,26/05/2025 11:26:52,8380,980,A1,benign
125,26/05/2025 11:26:52,8272,980,A1,benign
126,26/05/2025 11:26:52,8236,980,A1,benign
127,26/05/2025 11:26:51,5768,980,A1,benign
128,26/05/2025 11:26:51,7388,980,A1,benign
129,26/05/2025 11:26:51,5728,7844,A1,benign
130,26/05/2025 11:26:50,7844,4936,A1,benign
131,26/05/2025 11:26:50,7672,980,A1,benign
132,26/05/2025 11:26:50,5444,980,A1,benign
133,26/05/2025 11:26:49,7568,980,A1,benign
134,26/05/2025 11:26:49,5900,7388,A1,benign
135,26/05/2025 11:26:49,7388,3508,A1,benign
136,26/05/2025 11:26:49,8032,980,A1,benign
137,26/05/2025 11:26:48,7100,7564,A1,benign
138,26/05/2025 11:26:48,7564,3508,A1,benign
139,26/05/2025 11:26:48,7392,828,A1,benign
140,26/05/2025 11:26:48,7384,980,A1,benign
141,26/05/2025 11:26:48,6064,6000,A1,benign
142,26/05/2025 11:26:48,6000,3508,A1,benign
143,26/05/2025 11:26:47,5756,7012,A1,benign
144,26/05/2025 11:26:47,8164,8156,A1,benign
145,26/05/2025 11:26:47,8156,3508,A1,benign
146,26/05/2025 11:26:47,8112,980,A1,benign
147,26/05/2025 11:26:47,8048,4268,A1,benign
148,26/05/2025 11:26:47,7992,7972,A1,benign
149,26/05/2025 11:26:47,7972,3508,A1,benign
150,26/05/2025 11:26:47,7940,980,A1,benign
151,26/05/2025 11:26:46,7848,7840,A1,benign
152,26/05/2025 11:26:46,7840,3508,A1,benign
153,26/05/2025 11:26:46,7772,980,A1,benign
154,26/05/2025 11:26:46,7676,980,A1,benign
155,26/05/2025 11:26:46,7628,7464,A1,benign
156,26/05/2025 11:26:46,7560,7544,A1,benign
157,26/05/2025 11:26:46,7544,3508,A1,benign
158,26/05/2025 11:26:46,7536,7464,A1,benign
159,26/05/2025 11:26:46,7464,980,A1,benign
160,26/05/2025 11:26:45,7412,980,A1,benign
161,26/05/2025 11:26:45,7368,7344,A1,benign
162,26/05/2025 11:26:45,7344,3508,A1,benign
163,26/05/2025 11:26:45,7300,7240,A1,benign
164,26/05/2025 11:26:45,7240,828,A1,benign
165,26/05/2025 11:26:44,7012,828,A1,benign
166,26/05/2025 11:26:43,6596,828,A1,benign
167,26/05/2025 11:26:43,6576,980,A1,benign
168,26/05/2025 11:26:43,5732,828,A1,benign
169,26/05/2025 11:26:43,6432,980,A1,benign
170,26/05/2025 11:26:42,6964,980,A1,benign
171,26/05/2025 11:26:42,6844,980,A1,benign
172,26/05/2025 11:26:42,6760,980,A1,benign
173,26/05/2025 11:26:42,6724,980,A1,benign
174,26/05/2025 11:26:41,6372,980,A1,benign
175,26/05/2025 11:26:41,6356,980,A1,benign
176,26/05/2025 11:26:40,6244,828,A1,benign
177,26/05/2025 11:26:39,6132,828,A1,benign
178,26/05/2025 11:26:39,6116,828,A1,benign
179,26/05/2025 11:26:39,6068,980,A1,benign
180,26/05/2025 11:26:39,6056,980,A1,benign
181,26/05/2025 11:26:39,6024,5996,A1,benign
182,26/05/2025 11:26:39,5996,3508,A1,benign
183,26/05/2025 11:26:38,5980,980,A1,benign
184,26/05/2025 11:26:38,5860,980,A1,benign
185,26/05/2025 11:26:38,5852,980,A1,benign
186,26/05/2025 11:26:38,5724,980,A1,benign
187,26/05/2025 11:26:37,5584,980,A1,benign
188,26/05/2025 11:26:37,5512,5504,A1,benign
189,26/05/2025 11:26:37,5504,3508,A1,benign
190,26/05/2025 11:26:36,5404,2588,A1,benign
191,26/05/2025 11:26:36,5248,5176,A1,benign
192,26/05/2025 11:26:36,5176,3508,A1,benign
193,26/05/2025 11:26:35,5160,828,A1,benign
194,26/05/2025 11:26:35,4200,828,A1,benign
195,26/05/2025 11:26:35,4744,828,A1,benign
196,26/05/2025 11:26:34,5060,2704,A1,benign
197,26/05/2025 11:26:33,5004,1452,A1,benign
198,26/05/2025 11:26:33,4936,4852,A1,benign
199,26/05/2025 11:26:33,4868,4844,A1,benign
200,26/05/2025 11:26:33,4852,752,A1,benign
201,26/05/2025 11:26:33,4844,3508,A1,benign
202,26/05/2025 11:26:32,4800,828,A1,benign
203,26/05/2025 11:26:32,4720,3164,A1,benign
204,26/05/2025 11:26:32,4652,828,A1,benign
205,26/05/2025 11:26:32,4604,828,A1,benign
206,26/05/2025 11:26:32,4416,1452,A1,benign
207,26/05/2025 11:26:32,4360,828,A1,benign
208,26/05/2025 11:26:31,4308,1452,A1,benign
209,26/05/2025 11:26:31,4292,1452,A1,benign
210,26/05/2025 11:26:31,4268,1452,A1,benign
211,26/05/2025 11:26:31,4192,828,A1,benign
212,26/05/2025 11:26:31,4152,828,A1,benign
213,26/05/2025 11:26:31,1952,828,A1,benign
214,26/05/2025 11:26:31,4016,980,A1,benign
215,26/05/2025 11:26:31,2704,1608,A1,benign
216,26/05/2025 11:26:30,1752,828,A1,benign
217,26/05/2025 11:26:30,3152,2588,A1,benign
218,26/05/2025 11:26:29,3820,1452,A1,benign
219,26/05/2025 11:26:29,3584,980,A1,benign
220,26/05/2025 11:26:29,3508,828,A1,benign
221,26/05/2025 11:26:28,3380,828,A1,benign
222,26/05/2025 11:26:28,3372,828,A1,benign
223,26/05/2025 11:26:28,3344,828,A1,benign
224,26/05/2025 11:26:28,3312,828,A1,benign
225,26/05/2025 11:26:28,3296,828,A1,benign
226,26/05/2025 11:26:28,3268,980,A1,benign
227,26/05/2025 11:26:28,3192,828,A1,benign
228,26/05/2025 11:26:28,3176,828,A1,benign
229,26/05/2025 11:26:28,3164,828,A1,benign
230,26/05/2025 11:26:28,3096,828,A1,benign
231,26/05/2025 11:26:28,2596,828,A1,benign
232,26/05/2025 11:26:28,3048,828,A1,benign
233,26/05/2025 11:26:27,2952,2528,A1,benign
234,26/05/2025 11:26:27,2916,828,A1,benign
235,26/05/2025 11:26:27,2908,1452,A1,benign
236,26/05/2025 11:26:27,2816,828,A1,benign
237,26/05/2025 11:26:27,2704,2588,A1,benign
238,26/05/2025 11:26:27,2688,828,A1,benign
239,26/05/2025 11:26:27,2632,828,A1,benign
240,26/05/2025 11:26:27,2588,828,A1,benign
241,26/05/2025 11:26:27,2576,1452,A1,benign
242,26/05/2025 11:26:27,2528,828,A1,benign
243,26/05/2025 11:26:27,2496,828,A1,benign
244,26/05/2025 11:26:26,2424,828,A1,benign
245,26/05/2025 11:26:26,2276,828,A1,benign
246,26/05/2025 11:26:26,2268,828,A1,benign
247,26/05/2025 11:26:26,2228,828,A1,benign
248,26/05/2025 11:26:26,2180,828,A1,benign
249,26/05/2025 11:26:26,2108,828,A1,benign
250,26/05/2025 11:26:26,2100,4,A1,benign
251,26/05/2025 11:26:25,1988,828,A1,benign
252,26/05/2025 11:26:25,1980,828,A1,benign
253,26/05/2025 11:26:25,1972,828,A1,benign
254,26/05/2025 11:26:25,1964,828,A1,benign
255,26/05/2025 11:26:25,1952,1452,A1,benign
256,26/05/2025 11:26:25,1908,1452,A1,benign
257,26/05/2025 11:26:25,1864,828,A1,benign
258,26/05/2025 11:26:25,1840,828,A1,benign
259,26/05/2025 11:26:24,1740,828,A1,benign
260,26/05/2025 11:26:24,1728,828,A1,benign
261,26/05/2025 11:26:24,1704,828,A1,benign
262,26/05/2025 11:26:24,1616,828,A1,benign
263,26/05/2025 11:26:24,1608,828,A1,benign
264,26/05/2025 11:26:24,1552,828,A1,benign
265,26/05/2025 11:26:24,1452,828,A1,benign
266,26/05/2025 11:26:24,1440,828,A1,benign
267,26/05/2025 11:26:24,1420,828,A1,benign
268,26/05/2025 11:26:24,1336,828,A1,benign
269,26/05/2025 11:26:24,1284,828,A1,benign
270,26/05/2025 11:26:24,1260,828,A1,benign
271,26/05/2025 11:26:24,1172,828,A1,benign
272,26/05/2025 11:26:24,1164,828,A1,benign
273,26/05/2025 11:26:24,1156,828,A1,benign
274,26/05/2025 11:26:24,1148,828,A1,benign
275,26/05/2025 11:26:24,1092,752,A1,benign
276,26/05/2025 11:26:24,1084,752,A1,benign
277,26/05/2025 11:26:23,864,828,A1,benign
278,26/05/2025 11:26:23,672,828,A1,benign
279,26/05/2025 11:26:23,1012,680,A1,benign
280,26/05/2025 11:26:23,1008,752,A1,benign
281,26/05/2025 11:26:23,980,828,A1,benign
282,26/05/2025 11:26:22,848,680,A1,benign
283,26/05/2025 11:26:22,828,680,A1,benign
284,26/05/2025 11:26:21,752,672,A1,benign
285,26/05/2025 11:26:21,688,672,A1,benign
286,26/05/2025 11:26:21,680,596,A1,benign
287,26/05/2025 11:26:21,672,456,A1,benign
288,26/05/2025 11:26:21,608,596,A1,benign
289,26/05/2025 11:26:20,596,456,A1,benign
290,26/05/2025 11:26:20,488,456,A1,benign
291,26/05/2025 11:26:18,456,4,A1,benign
292,26/05/2025 11:26:18,124,4,A1,benign
293,25/05/2025 17:26:54,6120,824,A1,benign
294,25/05/2025 17:26:54,4696,2900,A1,benign
295,25/05/2025 17:26:53,2120,744,A1,benign
296,25/05/2025 17:26:49,4508,980,A1,benign
297,25/05/2025 17:26:49,2460,824,A1,benign
298,25/05/2025 17:26:47,1212,4896,A1,benign
299,25/05/2025 17:26:47,6456,4896,A1,benign
300,25/05/2025 17:26:47,4136,4896,A1,benign
301,25/05/2025 17:26:47,2508,4896,A1,benign
302,25/05/2025 17:26:42,6540,980,A1,benign
303,25/05/2025 17:26:42,7392,980,A1,benign
304,25/05/2025 17:26:42,2184,4896,A1,benign
305,25/05/2025 17:26:42,7412,4896,A1,benign
306,25/05/2025 17:26:42,7476,980,A1,benign
307,25/05/2025 17:26:42,8740,4896,A1,benign
308,25/05/2025 17:26:42,792,4896,A1,benign
309,25/05/2025 17:26:42,4232,824,A1,benign
310,25/05/2025 17:26:42,3228,4896,A1,benign
311,25/05/2025 17:26:42,4284,4896,A1,benign
312,25/05/2025 17:26:42,6328,4896,A1,benign
313,25/05/2025 17:26:42,4896,8308,A1,benign
314,25/05/2025 17:22:52,1684,824,A1,benign
315,25/05/2025 17:22:52,9468,824,A1,benign
316,25/05/2025 17:22:52,4844,980,A1,benign
317,25/05/2025 17:22:51,9460,5148,A1,benign
318,25/05/2025 17:22:51,5148,1920,A1,benign
319,25/05/2025 17:22:51,6708,980,A1,benign
320,25/05/2025 17:22:51,1156,824,A1,benign
321,25/05/2025 17:22:51,8276,2740,A1,benign
322,25/05/2025 17:22:51,2740,1556,A1,benign
323,25/05/2025 17:22:51,2184,1556,A1,benign
324,25/05/2025 17:22:50,3816,7952,A1,benign
325,25/05/2025 17:21:30,9424,5852,A1,benign
326,25/05/2025 17:21:08,944,5852,A1,benign
327,25/05/2025 17:20:51,6740,824,A1,benign
328,25/05/2025 17:20:50,6872,5852,A1,benign
329,25/05/2025 17:18:48,8972,5616,A1,benign
330,25/05/2025 17:18:46,1772,824,A1,benign
331,25/05/2025 17:18:31,8196,5616,A1,benign
332,25/05/2025 17:18:31,5504,5616,A1,benign
333,25/05/2025 17:18:19,2496,980,A1,benign
334,25/05/2025 17:18:19,4600,980,A1,benign
335,25/05/2025 17:18:19,4572,824,A1,benign
336,25/05/2025 17:18:14,1904,5616,A1,benign
337,25/05/2025 17:17:35,7076,5616,A1,benign
338,25/05/2025 17:16:58,2540,5616,A1,benign
339,25/05/2025 17:16:41,5736,2900,A1,benign
340,25/05/2025 17:16:28,2832,980,A1,benign
341,25/05/2025 17:16:28,2940,824,A1,benign
342,25/05/2025 17:16:27,6028,1556,A1,benign
343,25/05/2025 17:16:27,2812,1556,A1,benign
344,25/05/2025 17:16:25,6676,824,A1,benign
345,25/05/2025 17:16:24,4608,980,A1,benign
346,25/05/2025 17:16:24,6036,980,A1,benign
347,25/05/2025 17:16:24,7840,1556,A1,benign
348,25/05/2025 17:16:23,2600,824,A1,benign
349,25/05/2025 17:16:23,9160,7952,A1,benign
350,25/05/2025 17:16:23,5732,1556,A1,benign
351,25/05/2025 17:16:11,5092,9012,A1,benign
352,25/05/2025 17:16:11,9012,4496,A1,benign
353,25/05/2025 17:16:10,4496,5616,A1,benign
354,25/05/2025 17:15:43,3768,980,A1,benign
355,25/05/2025 17:15:43,8196,980,A1,benign
356,25/05/2025 17:15:43,1540,1416,A1,benign
357,25/05/2025 17:15:43,1416,4372,A1,benign
358,25/05/2025 17:15:42,4372,5616,A1,benign
359,25/05/2025 17:14:24,9200,980,A1,benign
360,25/05/2025 17:14:24,3172,980,A1,benign
361,25/05/2025 17:14:23,4508,824,A1,benign
362,25/05/2025 17:14:23,6976,7952,A1,benign
363,25/05/2025 17:14:23,5736,1556,A1,benign
364,25/05/2025 17:13:01,5144,980,A1,benign
365,25/05/2025 17:13:00,4304,5076,A1,benign
366,25/05/2025 17:13:00,5076,6456,A1,benign
367,25/05/2025 17:12:59,6456,5616,A1,benign
368,25/05/2025 17:12:55,7820,8000,A1,benign
369,25/05/2025 17:12:55,8000,1556,A1,benign
370,25/05/2025 17:11:52,3988,8308,A1,benign
371,25/05/2025 17:11:49,6764,824,A1,benign
372,25/05/2025 17:11:49,5704,980,A1,benign
373,25/05/2025 17:11:49,6220,980,A1,benign
374,25/05/2025 17:11:49,4572,1556,A1,benign
375,25/05/2025 17:11:44,5840,980,A1,benign
376,25/05/2025 17:11:43,5528,9272,A1,benign
377,25/05/2025 17:11:43,9272,3820,A1,benign
378,25/05/2025 17:11:43,4800,5640,A1,benign
379,25/05/2025 17:11:43,5640,3820,A1,benign
380,25/05/2025 17:11:27,5484,1556,A1,benign
381,25/05/2025 17:10:44,2744,980,A1,benign
382,25/05/2025 17:10:44,8152,980,A1,benign
383,25/05/2025 17:10:44,3048,5692,A1,benign
384,25/05/2025 17:10:44,5692,6372,A1,benign
385,25/05/2025 17:10:40,6372,5616,A1,benign
386,25/05/2025 17:10:05,1904,2900,A1,benign
387,25/05/2025 17:08:32,5684,980,A1,benign
388,25/05/2025 17:07:57,7500,980,A1,benign
389,25/05/2025 17:07:57,8152,980,A1,benign
390,25/05/2025 17:07:00,3124,9864,A1,benign
391,25/05/2025 17:06:51,1784,8308,A1,benign
392,25/05/2025 17:06:35,1248,6052,A1,benign
393,25/05/2025 17:06:35,6052,1556,A1,benign
394,25/05/2025 17:06:34,5220,1556,A1,benign
395,25/05/2025 17:06:27,5872,824,A1,benign
396,25/05/2025 17:06:27,4600,7364,A1,benign
397,25/05/2025 17:06:27,4540,1556,A1,benign
398,25/05/2025 17:06:27,7364,1556,A1,benign
399,25/05/2025 17:06:20,3744,1556,A1,benign
400,25/05/2025 17:06:16,7848,9864,A1,benign
401,25/05/2025 17:06:10,4456,1556,A1,benign
402,25/05/2025 17:05:48,4844,980,A1,benign
403,25/05/2025 17:05:48,1212,824,A1,benign
404,25/05/2025 17:05:47,1432,824,A1,benign
405,25/05/2025 17:05:45,3816,1184,A1,benign
406,25/05/2025 17:05:44,2236,980,A1,benign
407,25/05/2025 17:05:44,1784,980,A1,benign
408,25/05/2025 17:05:43,1184,1556,A1,benign
409,25/05/2025 17:05:43,5784,1556,A1,benign
410,25/05/2025 17:05:43,4108,824,A1,benign
411,25/05/2025 17:05:43,9396,5096,A1,benign
412,25/05/2025 17:05:43,5096,1556,A1,benign
413,25/05/2025 17:05:43,5636,1556,A1,benign
414,25/05/2025 17:05:43,9520,1556,A1,benign
415,25/05/2025 17:05:36,5696,9864,A1,benign
416,25/05/2025 17:05:24,8744,980,A1,benign
417,25/05/2025 17:05:24,8484,7448,A1,benign
418,25/05/2025 17:05:24,9548,7448,A1,benign
419,25/05/2025 17:05:24,7448,3820,A1,benign
420,25/05/2025 17:05:24,4264,3664,A1,benign
421,25/05/2025 17:05:14,4136,2900,A1,benign
422,25/05/2025 17:05:14,8164,980,A1,benign
423,25/05/2025 17:05:14,1100,8308,A1,benign
424,25/05/2025 17:05:01,6844,9864,A1,benign
425,25/05/2025 17:05:01,9572,9864,A1,benign
426,25/05/2025 17:05:01,2156,9864,A1,benign
427,25/05/2025 17:04:36,6432,8308,A1,benign
428,25/05/2025 17:04:33,1052,8308,A1,benign
429,25/05/2025 17:04:30,1156,8308,A1,benign
430,25/05/2025 17:04:30,5952,9864,A1,benign
431,25/05/2025 17:04:29,5644,8308,A1,benign
432,25/05/2025 17:04:29,5572,8308,A1,benign
433,25/05/2025 17:04:28,6084,4976,A1,benign
434,25/05/2025 17:04:24,9468,1556,A1,benign
435,25/05/2025 17:04:20,6696,1556,A1,benign
436,25/05/2025 17:04:03,4524,9864,A1,benign
437,25/05/2025 17:04:01,9148,9864,A1,benign
438,25/05/2025 17:03:59,3808,980,A1,benign
439,25/05/2025 17:03:59,3676,1556,A1,benign
440,25/05/2025 17:03:55,8852,980,A1,benign
441,25/05/2025 17:03:51,2260,8308,A1,benign
442,25/05/2025 17:03:51,2188,980,A1,benign
443,25/05/2025 17:03:50,2788,980,A1,benign
444,25/05/2025 17:03:50,3612,980,A1,benign
445,25/05/2025 17:03:47,6312,980,A1,benign
446,25/05/2025 17:03:47,704,5852,A1,benign
447,25/05/2025 17:03:46,6532,5852,A1,benign
448,25/05/2025 17:03:46,1868,5852,A1,benign
449,25/05/2025 17:03:46,2036,5852,A1,benign
450,25/05/2025 17:03:46,3008,980,A1,benign
451,25/05/2025 17:03:46,2200,5852,A1,benign
452,25/05/2025 17:03:46,5852,6332,A1,benign
453,25/05/2025 17:03:41,7584,9864,A1,benign
454,25/05/2025 17:03:29,3236,6868,A1,benign
455,25/05/2025 17:03:28,7344,980,A1,benign
456,25/05/2025 17:03:27,3004,980,A1,benign
457,25/05/2025 17:03:27,8996,824,A1,benign
458,25/05/2025 17:03:26,5332,824,A1,benign
459,25/05/2025 17:03:26,6868,7952,A1,benign
460,25/05/2025 17:03:26,7952,824,A1,benign
461,25/05/2025 17:03:25,2636,824,A1,benign
462,25/05/2025 17:03:25,7576,824,A1,benign
463,25/05/2025 17:03:25,6640,824,A1,benign
464,25/05/2025 17:03:25,9612,824,A1,benign
465,25/05/2025 17:03:25,7700,8488,A1,benign
466,25/05/2025 17:03:24,8488,824,A1,benign
467,25/05/2025 17:03:24,5520,824,A1,benign
468,25/05/2025 17:03:24,8040,824,A1,benign
469,25/05/2025 17:03:23,7884,9864,A1,benign
470,25/05/2025 17:03:19,4364,4584,A1,benign
471,25/05/2025 17:03:19,4584,1556,A1,benign
472,25/05/2025 17:03:17,5144,980,A1,benign
473,25/05/2025 17:03:10,4704,9864,A1,benign
474,25/05/2025 17:03:01,3608,824,A1,benign
475,25/05/2025 17:03:01,8948,824,A1,benign
476,25/05/2025 17:02:51,9012,8308,A1,benign
477,25/05/2025 17:02:51,3088,8308,A1,benign
478,25/05/2025 17:02:40,9032,5616,A1,benign
479,25/05/2025 17:02:35,1508,1556,A1,benign
480,25/05/2025 17:02:33,1696,980,A1,benign
481,25/05/2025 17:02:33,1284,980,A1,benign
482,25/05/2025 17:02:33,8032,5616,A1,benign
483,25/05/2025 17:02:32,5616,4976,A1,benign
484,25/05/2025 17:02:32,752,980,A1,benign
485,25/05/2025 17:02:32,488,980,A1,benign
486,25/05/2025 17:02:32,4220,980,A1,benign
487,25/05/2025 17:02:28,7392,980,A1,benign
488,25/05/2025 17:02:21,9660,8308,A1,benign
489,25/05/2025 17:02:21,9664,8308,A1,benign
490,25/05/2025 17:02:21,9672,8308,A1,benign
491,25/05/2025 17:02:20,9684,1556,A1,benign
492,25/05/2025 17:02:19,9544,980,A1,benign
493,25/05/2025 17:02:07,7152,1556,A1,benign
494,25/05/2025 17:02:06,7344,744,A1,benign
495,25/05/2025 17:02:04,7356,980,A1,benign
496,25/05/2025 17:02:01,9524,9864,A1,benign
497,25/05/2025 17:02:01,10136,9864,A1,benign
498,25/05/2025 17:02:01,10092,9864,A1,benign
499,25/05/2025 17:02:01,10076,9864,A1,benign
500,25/05/2025 17:02:00,9896,9864,A1,benign
501,25/05/2025 17:02:00,9864,9728,A1,benign
502,25/05/2025 17:02:00,9804,980,A1,benign
503,25/05/2025 17:01:59,9728,4480,A1,benign
504,25/05/2025 17:01:57,9656,1556,A1,benign
505,25/05/2025 17:01:55,9492,980,A1,benign
506,25/05/2025 17:01:55,9428,980,A1,benign
507,25/05/2025 17:01:54,9288,4976,A1,benign
508,25/05/2025 17:01:52,8604,8308,A1,benign
509,25/05/2025 17:01:52,8996,8308,A1,benign
510,25/05/2025 17:01:52,9000,8308,A1,benign
511,25/05/2025 17:01:52,8988,8308,A1,benign
512,25/05/2025 17:01:52,7836,1212,A1,benign
513,25/05/2025 17:01:52,8604,1212,A1,benign
514,25/05/2025 17:01:52,8748,1212,A1,benign
515,25/05/2025 17:01:52,9164,980,A1,benign
516,25/05/2025 17:01:52,9148,1212,A1,benign
517,25/05/2025 17:01:51,9020,980,A1,benign
518,25/05/2025 17:01:51,8976,8308,A1,benign
519,25/05/2025 17:01:51,8944,8308,A1,benign
520,25/05/2025 17:01:51,8936,8308,A1,benign
521,25/05/2025 17:01:51,8908,980,A1,benign
522,25/05/2025 17:01:51,8612,8308,A1,benign
523,25/05/2025 17:01:51,8600,824,A1,benign
524,25/05/2025 17:01:51,8592,8308,A1,benign
525,25/05/2025 17:01:51,8584,8308,A1,benign
526,25/05/2025 17:01:50,8384,8308,A1,benign
527,25/05/2025 17:01:50,8308,4976,A1,benign
528,25/05/2025 17:01:49,8224,824,A1,benign
529,25/05/2025 17:01:49,8204,4976,A1,benign
530,25/05/2025 17:01:49,8100,980,A1,benign
531,25/05/2025 17:01:47,7112,824,A1,benign
532,25/05/2025 17:01:45,2900,824,A1,benign
533,25/05/2025 17:01:44,5904,980,A1,benign
534,25/05/2025 17:01:43,4476,824,A1,benign
535,25/05/2025 17:01:43,8176,980,A1,benign
536,25/05/2025 17:01:43,8132,824,A1,benign
537,25/05/2025 17:01:41,7992,980,A1,benign
538,25/05/2025 17:01:41,7908,980,A1,benign
539,25/05/2025 17:01:41,7872,980,A1,benign
540,25/05/2025 17:01:41,7816,980,A1,benign
541,25/05/2025 17:01:41,7736,980,A1,benign
542,25/05/2025 17:01:40,7564,980,A1,benign
543,25/05/2025 17:01:39,7292,4772,A1,benign
544,25/05/2025 17:01:39,7176,2620,A1,benign
545,25/05/2025 17:01:38,7140,980,A1,benign
546,25/05/2025 17:01:38,7104,980,A1,benign
547,25/05/2025 17:01:38,7096,980,A1,benign
548,25/05/2025 17:01:37,6868,980,A1,benign
549,25/05/2025 17:01:36,6700,824,A1,benign
550,25/05/2025 17:01:36,6640,1556,A1,benign
551,25/05/2025 17:01:35,6436,824,A1,benign
552,25/05/2025 17:01:35,6400,824,A1,benign
553,25/05/2025 17:01:35,6364,980,A1,benign
554,25/05/2025 17:01:35,6332,980,A1,benign
555,25/05/2025 17:01:35,6304,980,A1,benign
556,25/05/2025 17:01:35,6148,980,A1,benign
557,25/05/2025 17:01:35,4132,980,A1,benign
558,25/05/2025 17:01:34,5904,980,A1,benign
559,25/05/2025 17:01:34,5836,5812,A1,benign
560,25/05/2025 17:01:34,5460,980,A1,benign
561,25/05/2025 17:01:34,5812,3820,A1,benign
562,25/05/2025 17:01:34,5660,5632,A1,benign
563,25/05/2025 17:01:34,5632,3820,A1,benign
564,25/05/2025 17:01:33,5420,824,A1,benign
565,25/05/2025 17:01:33,5468,824,A1,benign
566,25/05/2025 17:01:33,5980,824,A1,benign
567,25/05/2025 17:01:33,5128,824,A1,benign
568,25/05/2025 17:01:33,5808,5840,A1,benign
569,25/05/2025 17:01:33,5840,3820,A1,benign
570,25/05/2025 17:01:33,5384,5452,A1,benign
571,25/05/2025 17:01:32,5452,3820,A1,benign
572,25/05/2025 17:01:32,5824,5816,A1,benign
573,25/05/2025 17:01:32,5816,3820,A1,benign
574,25/05/2025 17:01:32,5668,5624,A1,benign
575,25/05/2025 17:01:32,5624,3820,A1,benign
576,25/05/2025 17:01:32,5552,5560,A1,benign
577,25/05/2025 17:01:32,5560,3820,A1,benign
578,25/05/2025 17:01:32,5496,5052,A1,benign
579,25/05/2025 17:01:32,5052,3820,A1,benign
580,25/05/2025 17:01:32,5412,4340,A1,benign
581,25/05/2025 17:01:31,6040,6032,A1,benign
582,25/05/2025 17:01:31,6032,3820,A1,benign
583,25/05/2025 17:01:31,5964,824,A1,benign
584,25/05/2025 17:01:31,5956,5948,A1,benign
585,25/05/2025 17:01:31,5948,3820,A1,benign
586,25/05/2025 17:01:30,5812,1204,A1,benign
587,25/05/2025 17:01:30,5764,5756,A1,benign
588,25/05/2025 17:01:30,5756,3820,A1,benign
589,25/05/2025 17:01:30,5692,1556,A1,benign
590,25/05/2025 17:01:30,5628,5620,A1,benign
591,25/05/2025 17:01:30,5620,3820,A1,benign
592,25/05/2025 17:01:29,5472,3532,A1,benign
593,25/05/2025 17:01:29,5464,5416,A1,benign
594,25/05/2025 17:01:29,5424,824,A1,benign
595,25/05/2025 17:01:29,5416,3820,A1,benign
596,25/05/2025 17:01:29,5384,5116,A1,benign
597,25/05/2025 17:01:29,5192,4480,A1,benign
598,25/05/2025 17:01:28,4976,4428,A1,benign
599,25/05/2025 17:01:28,4968,824,A1,benign
600,25/05/2025 17:01:28,2816,5116,A1,benign
601,25/05/2025 17:01:28,4428,744,A1,benign
602,25/05/2025 17:01:28,4236,824,A1,benign
603,25/05/2025 17:01:28,5116,980,A1,benign
604,25/05/2025 17:01:28,5052,5020,A1,benign
605,25/05/2025 17:01:28,5028,824,A1,benign
606,25/05/2025 17:01:28,5020,3820,A1,benign
607,25/05/2025 17:01:27,4772,1556,A1,benign
608,25/05/2025 17:01:27,4756,824,A1,benign
609,25/05/2025 17:01:27,4704,1556,A1,benign
610,25/05/2025 17:01:27,4684,1556,A1,benign
611,25/05/2025 17:01:27,4672,1556,A1,benign
612,25/05/2025 17:01:27,4612,824,A1,benign
613,25/05/2025 17:01:27,4548,824,A1,benign
614,25/05/2025 17:01:27,4512,824,A1,benign
615,25/05/2025 17:01:27,4480,1764,A1,benign
616,25/05/2025 17:01:26,4364,824,A1,benign
617,25/05/2025 17:01:26,4340,824,A1,benign
618,25/05/2025 17:01:25,4228,980,A1,benign
619,25/05/2025 17:01:24,1320,980,A1,benign
620,25/05/2025 17:01:24,3820,824,A1,benign
621,25/05/2025 17:01:24,3712,824,A1,benign
622,25/05/2025 17:01:24,3680,824,A1,benign
623,25/05/2025 17:01:24,3664,824,A1,benign
624,25/05/2025 17:01:23,3656,824,A1,benign
625,25/05/2025 17:01:23,3632,824,A1,benign
626,25/05/2025 17:01:23,3584,824,A1,benign
627,25/05/2025 17:01:23,3556,1556,A1,benign
628,25/05/2025 17:01:23,3544,824,A1,benign
629,25/05/2025 17:01:23,3532,824,A1,benign
630,25/05/2025 17:01:23,3524,824,A1,benign
631,25/05/2025 17:01:23,3516,824,A1,benign
632,25/05/2025 17:01:23,3484,1556,A1,benign
633,25/05/2025 17:01:23,3468,1556,A1,benign
634,25/05/2025 17:01:23,3368,824,A1,benign
635,25/05/2025 17:01:22,3220,824,A1,benign
636,25/05/2025 17:01:22,3200,980,A1,benign
637,25/05/2025 17:01:22,3152,824,A1,benign
638,25/05/2025 17:01:22,1608,824,A1,benign
639,25/05/2025 17:01:22,3060,824,A1,benign
640,25/05/2025 17:01:22,3012,2528,A1,benign
641,25/05/2025 17:01:22,2944,824,A1,benign
642,25/05/2025 17:01:21,2752,2620,A1,benign
643,25/05/2025 17:01:21,2708,824,A1,benign
644,25/05/2025 17:01:21,2688,824,A1,benign
645,25/05/2025 17:01:21,2620,824,A1,benign
646,25/05/2025 17:01:21,2528,824,A1,benign
647,25/05/2025 17:01:21,2516,824,A1,benign
648,25/05/2025 17:01:20,2368,824,A1,benign
649,25/05/2025 17:01:20,2344,824,A1,benign
650,25/05/2025 17:01:20,2280,824,A1,benign
651,25/05/2025 17:01:20,2248,824,A1,benign
652,25/05/2025 17:01:20,2240,4,A1,benign
653,25/05/2025 17:01:20,2196,1556,A1,benign
654,25/05/2025 17:01:20,2064,1556,A1,benign
655,25/05/2025 17:01:19,1920,824,A1,benign
656,25/05/2025 17:01:19,1688,824,A1,benign
657,25/05/2025 17:01:19,1708,824,A1,benign
658,25/05/2025 17:01:19,2024,824,A1,benign
659,25/05/2025 17:01:19,2012,824,A1,benign
660,25/05/2025 17:01:19,1988,824,A1,benign
661,25/05/2025 17:01:19,1864,824,A1,benign
662,25/05/2025 17:01:19,1856,824,A1,benign
663,25/05/2025 17:01:19,1816,824,A1,benign
664,25/05/2025 17:01:18,1764,824,A1,benign
665,25/05/2025 17:01:18,1676,824,A1,benign
666,25/05/2025 17:01:18,1632,824,A1,benign
667,25/05/2025 17:01:18,1568,824,A1,benign
668,25/05/2025 17:01:18,1556,824,A1,benign
669,25/05/2025 17:01:18,1528,824,A1,benign
670,25/05/2025 17:01:18,1444,824,A1,benign
671,25/05/2025 17:01:18,1380,824,A1,benign
672,25/05/2025 17:01:18,1356,824,A1,benign
673,25/05/2025 17:01:17,1272,824,A1,benign
674,25/05/2025 17:01:17,1212,824,A1,benign
675,25/05/2025 17:01:17,1204,824,A1,benign
676,25/05/2025 17:01:17,1196,824,A1,benign
677,25/05/2025 17:01:17,1188,824,A1,benign
678,25/05/2025 17:01:17,1180,824,A1,benign
679,25/05/2025 17:01:17,1172,824,A1,benign
680,25/05/2025 17:01:17,1084,744,A1,benign
681,25/05/2025 17:01:17,1072,744,A1,benign
682,25/05/2025 17:01:16,900,824,A1,benign
683,25/05/2025 17:01:16,688,824,A1,benign
684,25/05/2025 17:01:16,1016,744,A1,benign
685,25/05/2025 17:01:16,1008,676,A1,benign
686,25/05/2025 17:01:16,980,824,A1,benign
687,25/05/2025 17:01:14,844,676,A1,benign
688,25/05/2025 17:01:14,824,676,A1,benign
689,25/05/2025 17:01:14,744,668,A1,benign
690,25/05/2025 17:01:14,684,668,A1,benign
691,25/05/2025 17:01:14,676,596,A1,benign
692,25/05/2025 17:01:14,668,448,A1,benign
693,25/05/2025 17:01:14,608,596,A1,benign
694,25/05/2025 17:01:13,596,448,A1,benign
695,25/05/2025 17:01:13,492,448,A1,benign
696,25/05/2025 17:01:12,448,4,A1,benign
697,25/05/2025 17:01:12,124,4,A1,benign
698,25/05/2025 16:58:48,4612,1856,A1,benign
699,25/05/2025 16:58:48,3208,1856,A1,benign
700,25/05/2025 16:58:48,5464,1856,A1,benign
701,25/05/2025 16:58:48,9328,1856,A1,benign
702,25/05/2025 16:58:48,3668,1856,A1,benign
703,25/05/2025 16:58:48,8292,1856,A1,benign
704,25/05/2025 16:58:47,4644,5020,A1,benign
705,25/05/2025 16:58:47,9904,832,A1,benign
706,25/05/2025 16:58:44,7508,756,A1,benign
707,25/05/2025 16:58:42,3944,996,A1,benign
708,25/05/2025 16:58:41,7396,832,A1,benign
709,25/05/2025 16:58:38,10212,7528,A1,benign
710,25/05/2025 16:58:38,8664,7528,A1,benign
711,25/05/2025 16:58:37,5780,996,A1,benign
712,25/05/2025 16:58:37,3588,7528,A1,benign
713,25/05/2025 16:58:37,8560,996,A1,benign
714,25/05/2025 16:58:36,8676,996,A1,benign
715,25/05/2025 16:58:36,5308,7528,A1,benign
716,25/05/2025 16:58:36,3112,7528,A1,benign
717,25/05/2025 16:58:36,5872,7528,A1,benign
718,25/05/2025 16:58:36,4324,832,A1,benign
719,25/05/2025 16:58:36,7840,7528,A1,benign
720,25/05/2025 16:58:36,7528,8012,A1,benign
721,25/05/2025 16:58:35,3292,9744,A1,benign
722,25/05/2025 16:58:35,9744,1880,A1,benign
723,25/05/2025 16:58:34,2592,832,A1,benign
724,25/05/2025 16:57:12,8672,5020,A1,benign
725,25/05/2025 16:55:37,7304,996,A1,benign
726,25/05/2025 16:55:36,5236,996,A1,benign
727,25/05/2025 16:55:36,8928,832,A1,benign
728,25/05/2025 16:55:35,2660,1744,A1,benign
729,25/05/2025 16:53:01,4480,1436,A1,benign
730,25/05/2025 16:52:27,6404,832,A1,benign
731,25/05/2025 16:51:31,4944,832,A1,benign
732,25/05/2025 16:51:31,4228,832,A1,benign
733,25/05/2025 16:45:08,8736,5764,A1,benign
734,25/05/2025 16:38:23,8036,996,A1,benign
735,25/05/2025 16:38:23,8820,996,A1,benign
736,25/05/2025 16:38:23,8020,832,A1,benign
737,25/05/2025 16:38:22,4512,1744,A1,benign
738,25/05/2025 16:37:25,9480,996,A1,benign
739,25/05/2025 16:33:55,5208,996,A1,benign
740,25/05/2025 16:33:46,5672,996,A1,benign
741,25/05/2025 16:33:46,2440,832,A1,benign
742,25/05/2025 16:33:46,2704,996,A1,benign
743,25/05/2025 16:33:45,8812,6004,A1,benign
744,25/05/2025 16:33:43,3104,832,A1,benign
745,25/05/2025 16:33:43,9520,8892,A1,benign
746,25/05/2025 16:33:43,8892,880,A1,benign
747,25/05/2025 16:33:43,7892,996,A1,benign
748,25/05/2025 16:33:43,9288,996,A1,benign
749,25/05/2025 16:33:42,2188,996,A1,benign
750,25/05/2025 16:33:42,2660,996,A1,benign
751,25/05/2025 16:33:40,9960,5020,A1,benign
752,25/05/2025 16:33:40,9996,996,A1,benign
753,25/05/2025 16:33:39,6664,996,A1,benign
754,25/05/2025 16:31:35,6384,8632,A1,benign
755,25/05/2025 16:31:33,6332,832,A1,benign
756,25/05/2025 16:31:32,9080,832,A1,benign
757,25/05/2025 16:30:31,472,1436,A1,benign
758,25/05/2025 16:30:29,7204,9964,A1,benign
759,25/05/2025 16:30:29,9964,6868,A1,benign
760,25/05/2025 16:30:29,6868,1436,A1,benign
761,25/05/2025 16:29:53,9164,1856,A1,benign
762,25/05/2025 16:29:53,1064,1856,A1,benign
763,25/05/2025 16:29:49,8408,1856,A1,benign
764,25/05/2025 16:29:49,5664,1856,A1,benign
765,25/05/2025 16:29:49,1120,1856,A1,benign
766,25/05/2025 16:29:49,8712,1856,A1,benign
767,25/05/2025 16:29:49,5488,1856,A1,benign
768,25/05/2025 16:29:48,6008,1856,A1,benign
769,25/05/2025 16:29:48,9780,1856,A1,benign
770,25/05/2025 16:29:48,8436,1856,A1,benign
771,25/05/2025 16:29:48,4428,1856,A1,benign
772,25/05/2025 16:29:48,9000,1856,A1,benign
773,25/05/2025 16:29:48,9748,1856,A1,benign
774,25/05/2025 16:29:46,9656,2192,A1,benign
775,25/05/2025 16:29:46,2192,10188,A1,benign
776,25/05/2025 16:29:46,2964,1856,A1,benign
777,25/05/2025 16:29:46,6624,9468,A1,benign
778,25/05/2025 16:29:46,9468,10188,A1,benign
779,25/05/2025 16:29:45,7988,996,A1,benign
780,25/05/2025 16:29:44,5160,9140,A1,benign
781,25/05/2025 16:29:44,6332,9140,A1,benign
782,25/05/2025 16:29:44,5876,9140,A1,benign
783,25/05/2025 16:29:44,5472,9140,A1,benign
784,25/05/2025 16:29:44,8740,9140,A1,benign
785,25/05/2025 16:29:43,4512,9140,A1,benign
786,25/05/2025 16:29:43,9588,9140,A1,benign
787,25/05/2025 16:29:43,7692,9140,A1,benign
788,25/05/2025 16:29:43,10000,9140,A1,attack
789,25/05/2025 16:29:43,8684,9140,A1,benign
790,25/05/2025 16:29:43,4200,9140,A1,benign
791,25/05/2025 16:29:43,7716,9140,A1,benign
792,25/05/2025 16:29:43,3616,9140,A1,benign
793,25/05/2025 16:29:42,4264,9140,A1,benign
794,25/05/2025 16:29:42,5808,9140,A1,benign
795,25/05/2025 16:29:42,6756,9140,A1,benign
796,25/05/2025 16:29:42,8004,9140,A1,benign
797,25/05/2025 16:29:42,5372,9140,A1,benign
798,25/05/2025 16:29:42,580,9140,A1,benign
799,25/05/2025 16:29:41,10220,9140,A1,benign
800,25/05/2025 16:29:41,9852,9140,A1,benign
801,25/05/2025 16:29:41,9260,9140,A1,benign
802,25/05/2025 16:29:40,9964,9140,A1,benign
803,25/05/2025 16:29:39,10052,9140,A1,benign
804,25/05/2025 16:28:44,7892,9140,A1,benign
805,25/05/2025 16:28:43,2652,9140,A1,benign
806,25/05/2025 16:28:41,3276,9140,A1,benign
807,25/05/2025 16:28:41,6420,9140,A1,benign
808,25/05/2025 16:28:40,9344,9140,A1,benign
809,25/05/2025 16:28:39,6392,9140,A1,benign
810,25/05/2025 16:28:38,8556,9140,A1,benign
811,25/05/2025 16:28:38,2392,9140,A1,benign
812,25/05/2025 16:28:37,9956,9140,A1,benign
813,25/05/2025 16:28:36,5352,9140,A1,benign
814,25/05/2025 16:28:32,9776,9140,A1,benign
815,25/05/2025 16:28:32,9532,9140,A1,benign
816,25/05/2025 16:28:22,8552,9140,A1,benign
817,25/05/2025 16:28:21,9640,9140,A1,benign
818,25/05/2025 16:28:21,3680,9140,A1,benign
819,25/05/2025 16:28:20,1336,9140,A1,benign
820,25/05/2025 16:28:18,9704,9140,A1,benign
821,25/05/2025 16:28:17,1220,9140,A1,benign
822,25/05/2025 16:28:16,8004,9140,A1,benign
823,25/05/2025 16:28:15,3600,9140,A1,benign
824,25/05/2025 16:28:15,9404,9140,A1,benign
825,25/05/2025 16:28:14,9620,9140,A1,benign
826,25/05/2025 16:28:13,9260,9140,A1,benign
827,25/05/2025 16:28:13,9608,9140,A1,benign
828,25/05/2025 16:28:09,9052,9140,A1,benign
829,25/05/2025 16:28:08,8692,9140,A1,benign
830,25/05/2025 16:28:07,4868,9140,A1,benign
831,25/05/2025 16:28:07,4312,9140,A1,benign
832,25/05/2025 16:28:06,7176,9140,A1,benign
833,25/05/2025 16:28:06,8896,9140,A1,benign
834,25/05/2025 16:28:05,9880,9140,A1,benign
835,25/05/2025 16:28:05,1064,9140,A1,benign
836,25/05/2025 16:28:04,4248,9140,A1,benign
837,25/05/2025 16:28:04,2452,9140,A1,benign
838,25/05/2025 16:28:03,7688,9140,A1,benign
839,25/05/2025 16:28:02,9676,9140,A1,benign
840,25/05/2025 16:28:02,8188,9140,A1,benign
841,25/05/2025 16:28:01,7920,9140,A1,benign
842,25/05/2025 16:28:01,1468,9140,A1,benign
843,25/05/2025 16:28:00,8936,9140,A1,benign
844,25/05/2025 16:27:59,9532,9140,A1,benign
845,25/05/2025 16:27:59,9716,9140,A1,benign
846,25/05/2025 16:27:57,5992,9140,A1,benign
847,25/05/2025 16:27:57,2588,9140,A1,benign
848,25/05/2025 16:27:56,6408,9140,A1,benign
849,25/05/2025 16:27:56,9068,9140,A1,benign
850,25/05/2025 16:27:54,6404,9140,A1,benign
851,25/05/2025 16:27:54,8432,9140,A1,benign
852,25/05/2025 16:27:53,580,9140,A1,benign
853,25/05/2025 16:27:52,10220,9140,A1,benign
854,25/05/2025 16:27:51,6664,9140,A1,benign
855,25/05/2025 16:27:51,6868,9140,A1,benign
856,25/05/2025 16:27:49,7392,9140,A1,benign
857,25/05/2025 16:27:49,7672,9140,A1,benign
858,25/05/2025 16:27:48,9052,9140,A1,benign
859,25/05/2025 16:27:48,8692,9140,A1,benign
860,25/05/2025 16:27:46,10216,9140,A1,benign
861,25/05/2025 16:27:46,4312,9140,A1,benign
862,25/05/2025 16:27:45,3988,9140,A1,benign
863,25/05/2025 16:27:44,9512,9140,A1,benign
864,25/05/2025 16:27:38,9844,9140,A1,benign
865,25/05/2025 16:27:38,9468,9140,A1,benign
866,25/05/2025 16:27:30,8828,8740,A1,benign
867,25/05/2025 16:27:30,8740,6796,A1,benign
868,25/05/2025 16:27:30,8556,9140,A1,benign
869,25/05/2025 16:27:30,9140,10188,A1,benign
870,25/05/2025 16:27:30,4512,9728,A1,benign
871,25/05/2025 16:27:30,5976,10188,A1,benign
872,25/05/2025 16:27:30,9728,6796,A1,benign
873,25/05/2025 16:27:29,9280,996,A1,benign
874,25/05/2025 16:27:29,6140,10188,A1,benign
875,25/05/2025 16:27:29,9532,6796,A1,benign
876,25/05/2025 16:27:29,10188,3432,A1,benign
877,25/05/2025 16:27:28,7040,6796,A1,benign
878,25/05/2025 16:27:28,9676,6796,A1,benign
879,25/05/2025 16:27:28,6796,9836,A1,benign
880,25/05/2025 16:27:27,3432,996,A1,benign
881,25/05/2025 16:27:27,9836,1436,A1,benign
882,25/05/2025 16:27:27,8552,1436,A1,benign
883,25/05/2025 16:26:42,5508,1436,A1,benign
884,25/05/2025 16:26:27,568,388,A1,benign
885,25/05/2025 16:26:27,388,1436,A1,benign
886,25/05/2025 16:25:58,1264,4124,A1,benign
887,25/05/2025 16:25:57,68,1436,A1,benign
888,25/05/2025 16:25:57,4124,1436,A1,benign
889,25/05/2025 16:25:29,9400,7644,A1,benign
890,25/05/2025 16:25:29,7392,832,A1,benign
891,25/05/2025 16:25:28,4812,996,A1,benign
892,25/05/2025 16:25:28,9868,996,A1,benign
893,25/05/2025 16:25:27,1464,832,A1,benign
894,25/05/2025 16:25:26,9732,1436,A1,benign
895,25/05/2025 16:25:26,7644,1744,A1,benign
896,25/05/2025 16:22:47,5736,5020,A1,benign
897,25/05/2025 16:22:26,7372,832,A1,benign
898,25/05/2025 16:19:32,7516,5020,A1,benign
899,25/05/2025 16:19:20,6088,996,A1,benign
900,25/05/2025 16:19:19,7292,996,A1,benign
901,25/05/2025 16:19:19,6452,832,A1,benign
902,25/05/2025 16:19:02,1368,996,A1,benign
903,25/05/2025 16:18:17,9528,832,A1,benign
904,25/05/2025 16:18:16,9648,832,A1,benign
905,25/05/2025 16:18:16,9332,996,A1,benign
906,25/05/2025 16:18:15,1136,996,A1,benign
907,25/05/2025 16:16:47,2600,5020,A1,benign
908,25/05/2025 16:16:10,6004,832,A1,benign
909,25/05/2025 16:15:06,9468,1436,A1,benign
910,25/05/2025 16:14:24,2976,996,A1,benign
911,25/05/2025 16:14:21,8512,996,A1,benign
912,25/05/2025 16:14:18,9432,832,A1,benign
913,25/05/2025 16:11:23,10016,1436,A1,attack
914,25/05/2025 16:10:05,4312,9820,A1,benign
915,25/05/2025 16:10:05,9820,1436,A1,benign
916,25/05/2025 16:09:44,6192,5020,A1,benign
917,25/05/2025 16:09:29,1280,8744,A1,benign
918,25/05/2025 16:09:29,8744,1436,A1,benign
919,25/05/2025 16:08:42,1216,832,A1,benign
920,25/05/2025 16:08:41,6752,996,A1,benign
921,25/05/2025 16:08:16,7028,832,A1,benign
922,25/05/2025 16:08:14,9388,996,A1,benign
923,25/05/2025 16:08:13,9412,8960,A1,benign
924,25/05/2025 16:07:54,7948,996,A1,benign
925,25/05/2025 16:07:54,9612,832,A1,benign
926,25/05/2025 16:07:54,1344,8960,A1,benign
927,25/05/2025 16:07:40,10016,5020,A1,attack
928,25/05/2025 16:06:01,3672,832,A1,benign
929,25/05/2025 16:05:59,4128,996,A1,benign
930,25/05/2025 16:05:59,9364,996,A1,benign
931,25/05/2025 16:05:58,9924,1436,A1,benign
932,25/05/2025 16:03:43,5632,8632,A1,benign
933,25/05/2025 16:03:32,3672,1436,A1,benign
934,25/05/2025 16:03:26,3732,832,A1,benign
935,25/05/2025 16:03:25,2560,8632,A1,benign
936,25/05/2025 16:02:56,1004,996,A1,benign
937,25/05/2025 16:02:56,1176,996,A1,benign
938,25/05/2025 16:02:55,6716,832,A1,benign
939,25/05/2025 16:02:55,7456,1744,A1,benign
940,25/05/2025 15:59:26,9384,996,A1,benign
941,25/05/2025 15:58:55,9928,1280,A1,benign
942,25/05/2025 15:58:32,8336,8936,A1,benign
943,25/05/2025 15:58:31,8936,1880,A1,benign
944,25/05/2025 15:58:30,5136,2820,A1,benign
945,25/05/2025 15:58:29,4432,1968,A1,benign
946,25/05/2025 15:58:29,1968,1880,A1,benign
947,25/05/2025 15:58:23,5896,832,A1,benign
948,25/05/2025 15:58:18,4072,832,A1,benign
949,25/05/2025 15:58:18,4972,996,A1,benign
950,25/05/2025 15:58:16,8276,996,A1,benign
951,25/05/2025 15:58:15,3020,1280,A1,benign
952,25/05/2025 15:58:13,5408,996,A1,benign
953,25/05/2025 15:58:13,5044,996,A1,benign
954,25/05/2025 15:58:13,8380,832,A1,benign
955,25/05/2025 15:58:12,1280,1744,A1,benign
956,25/05/2025 15:55:12,2700,996,A1,benign
957,25/05/2025 15:54:51,7360,996,A1,benign
958,25/05/2025 15:54:50,5468,996,A1,benign
959,25/05/2025 15:54:40,8948,1436,A1,benign
960,25/05/2025 15:54:40,5124,1436,A1,benign
961,25/05/2025 15:54:40,4984,1436,A1,benign
962,25/05/2025 15:54:33,2540,1436,A1,benign
963,25/05/2025 15:54:31,7376,2820,A1,benign
964,25/05/2025 15:54:30,8292,996,A1,benign
965,25/05/2025 15:54:19,716,2820,A1,benign
966,25/05/2025 15:54:02,6368,996,A1,benign
967,25/05/2025 15:53:49,8820,996,A1,benign
968,25/05/2025 15:53:45,6780,996,A1,benign
969,25/05/2025 15:53:15,3372,996,A1,benign
970,25/05/2025 15:53:14,4128,996,A1,benign
